[{"id": 1262696752903118848, "text": "L\u2019ancienne figure des \"Gilets jaunes\", \u00c9ric Drouet, interpell\u00e9 pour avoir violent\u00e9 le fils de sa compagne, \u00e2g\u00e9 de 1\u2026 https://t.co/JWXxW3GkO9", "neg": 0.173, "pos": 0.115, "neu": 0.712}, {"id": 1267099187050618886, "text": "DIRECT \ud83d\udd34 SpaceX : regardez l'amarrage des astronautes Bob Behnken et Doug Hurley \u00e0 la Station spatiale internationa\u2026 https://t.co/9YVlAyvba8", "neg": 0.084, "pos": 0.109, "neu": 0.807}, {"id": 1267147580141494272, "text": "\"C'est le prix \u00e0 payer pour que l'activit\u00e9 reprenne\" : Bayonne exon\u00e8re les cafetiers des droits d'occupation des te\u2026 https://t.co/idG7oiYaNY", "neg": 0.084, "pos": 0.109, "neu": 0.807}, {"id": 1263897413921705990, "text": "Coronavirus : l'hydroxychloroquine et la chloroquine sont inefficaces et m\u00eame n\u00e9fastes, selon une nouvelle \u00e9tude\u2026 https://t.co/b9GRIRZxA0", "neg": 0.113, "pos": 0.146, "neu": 0.741}, {"id": 1266228403541168128, "text": "INFO FRANCEINFO. Affaire Adama Traor\u00e9 : les proches de la victime d\u00e9noncent un faux t\u00e9moignage\u2026 https://t.co/vmakQMhWcI", "neg": 0.113, "pos": 0.146, "neu": 0.741}, {"id": 1266459297518477314, "text": "Suppressions d'emplois chez Renault\u00a0: un d\u00e9l\u00e9gu\u00e9 CGT d\u00e9nonce \"une trahison totale de la part de la direction\"\u2026 https://t.co/7jLr4cp0RQ", "neg": 0.113, "pos": 0.146, "neu": 0.741}, {"id": 1267345513889873921, "text": "\"J'\u00e9tais tr\u00e8s heureux de retrouver les paroissiens\", Monseigneur Michel Aupetit, archev\u00eaque de Paris\n\nSuivez le liv\u2026 https://t.co/YFgbuntgqH", "neg": 0.113, "pos": 0.146, "neu": 0.741}, {"id": 1265529124975673344, "text": "\u27a1 \u00c9lections municipales 2020\u00a0: l'article \u00e0 lire pour reprendre le fil de la campagne, interrompue par le coronaviru\u2026 https://t.co/uzDnKQkrV7", "neg": 0.173, "pos": 0.115, "neu": 0.712}, {"id": 1265922759491649536, "text": "Confinement\u00a0:\u00a0\"Pas un seul salari\u00e9 d'Orange n'a \u00e9t\u00e9 au ch\u00f4mage partiel, l'entreprise a assum\u00e9 la totalit\u00e9 de ses sa\u2026 https://t.co/gFj0QDwp05", "neg": 0.173, "pos": 0.115, "neu": 0.712}, {"id": 1266261406753583108, "text": "\ud83d\udcac Le retour \u00e0 l\u2019\u00e9cole sera-t-il obligatoire en septembre ? \"Bien entendu\", assure Jean-Michel Blanquer\n\n\u2935\ufe0f\u2026 https://t.co/ZUy7l8sKkW", "neg": 0.173, "pos": 0.115, "neu": 0.712}, {"id": 1266965128215322625, "text": "\ud83d\ude80 SpaceX : \"C'est une \u00e8re nouvelle qui commence\", s'enthousiasme l'astronaute fran\u00e7ais Patrick Baudry\u2026 https://t.co/dMpFKC9j6v", "neg": 0.067, "pos": 0.232, "neu": 0.702}, {"id": 1266738637326045184, "text": "Rupture des Etats-Unis avec l'OMS : l'UE exhorte Washington de reconsid\u00e9rer sa d\u00e9cision\n\nhttps://t.co/0ILzpxIvQk https://t.co/SqMauwl66I", "neg": 0.067, "pos": 0.232, "neu": 0.702}, {"id": 1266263645572329473, "text": "\ud83d\udcac \"Nous avons un probl\u00e8me de r\u00e9mun\u00e9ration des professeurs en France. Je vais \u00e9videmment continuer les efforts dans\u2026 https://t.co/ZngT7Bk8Qo", "neg": 0.113, "pos": 0.146, "neu": 0.741}, {"id": 1261188313119166464, "text": "Coronavirus\u00a0:\u00a0l'hydroxychloroquine n'est pas efficace, selon deux \u00e9tudes\n\nhttps://t.co/OzckVuZfhZ https://t.co/3VbKMErmVc", "neg": 0.113, "pos": 0.146, "neu": 0.741}, {"id": 1264900272087691264, "text": "Christophe Castaner r\u00e9pond \u00e0 Cam\u00e9lia Jordana : \"La libert\u00e9 du d\u00e9bat public ne permet pas de dire tout et n'importe\u2026 https://t.co/hgZ6ClEUqp", "neg": 0.084, "pos": 0.109, "neu": 0.807}, {"id": 1267024539738869760, "text": "Affaire Morandini : le parquet de Paris demande un proc\u00e8s pour corruption de mineur \u00e0 l'encontre de l'animateur\u2026 https://t.co/awxHJLj6Q9", "neg": 0.067, "pos": 0.232, "neu": 0.702}, {"id": 1267196063624159234, "text": "L'artiste plasticien Christo, c\u00e9l\u00e8bre pour avoir emball\u00e9 le Pont-Neuf, est mort \u00e0 l'\u00e2ge de 84 ans\u2026 https://t.co/2G22keCM1N", "neg": 0.084, "pos": 0.109, "neu": 0.807}, {"id": 1266765060153593858, "text": "DIRECT \ud83d\udd34 Mort de George Floyd : le gouverneur du Minnesota autorise une \"mobilisation compl\u00e8te\" de la Garde nationa\u2026 https://t.co/3elxaeoc2B", "neg": 0.067, "pos": 0.232, "neu": 0.702}, {"id": 1266259295261229058, "text": "\ud83d\udcac \"Nous n\u2019avons jamais dit que 100% des \u00e9l\u00e8ves seraient accueillis en mai et juin. Ce sont deux mois anormaux. Ce q\u2026 https://t.co/nGzkJi4sfQ", "neg": 0.173, "pos": 0.115, "neu": 0.712}, {"id": 1267009168189190144, "text": "Mort de George Floyd\u00a0: Donald Trump \"excite\" la col\u00e8re et \"joue la campagne \u00e9lectorale\", analyse un sp\u00e9cialiste des\u2026 https://t.co/Q3riNhusk7", "neg": 0.067, "pos": 0.232, "neu": 0.702}, {"id": 1266666121337491456, "text": "@franceinfo Raz le bol de ces magouilles, m\u00eame si je ne suis pas RN, j'esp\u00e8re que les \u00e9lecteurs de Perpignan vont s\u2026 https://t.co/nwnBYhrmG4", "neg": 0.113, "pos": 0.146, "neu": 0.741}, {"id": 1265894263373664256, "text": "\u25b6\ufe0f \"Les t\u00e9l\u00e9coms ont \u00e9t\u00e9 \u00e0 la hauteur de la crise et ont fait la preuve de leur force et de leur r\u00e9silience\", indiq\u2026 https://t.co/1XO5gvUP6Z", "neg": 0.113, "pos": 0.146, "neu": 0.741}, {"id": 1267061951106101248, "text": "D\u00e9confinement : l'attestation aux heures de pointe reste obligatoire dans les transports d'Ile-de-France \"au moins\u2026 https://t.co/g7Zycx3Ta3", "neg": 0.067, "pos": 0.232, "neu": 0.702}, {"id": 1266094390348374016, "text": "AUDIO \u25b6\ufe0f D\u00e9confinement : pour Marine Le Pen, \u201cce qu'on fait aujourd'hui, on aurait d\u00fb le faire il y a quatre mois e\u2026 https://t.co/yFdW8GU1tL", "neg": 0.067, "pos": 0.232, "neu": 0.702}, {"id": 1266791483669004288, "text": "Paris : 92 personnes interpell\u00e9es apr\u00e8s une \"marche des solidarit\u00e9s\" qui visait \u00e0 demander une r\u00e9gularisation des p\u2026 https://t.co/aE29lfNMFm", "neg": 0.084, "pos": 0.109, "neu": 0.807}, {"id": 1265173008831963136, "text": "\u26a1Coronavirus : la Commission nationale de l'informatique et des libert\u00e9s donne son feu vert \u00e0 l'application de tra\u00e7\u2026 https://t.co/cNuI1Ntd3B", "neg": 0.113, "pos": 0.146, "neu": 0.741}, {"id": 1266824480627871747, "text": "VIDEO. SpaceX : revivez le d\u00e9collage historique de la fus\u00e9e Falcon-9 avec deux astronautes \u00e0 bord\u2026 https://t.co/pYUAaFYeyu", "neg": 0.113, "pos": 0.146, "neu": 0.741}, {"id": 1266672757808521216, "text": "@franceinfo @jmblanquer Mr le ministre  bonjour  je travaille  au crous  de Rennes  \u00e0 peine  avont nous repris que\u2026 https://t.co/xsLg8XGStJ", "neg": 0.113, "pos": 0.146, "neu": 0.741}, {"id": 1266809099716460545, "text": "D\u00e9confinement : \u00e0 Paris, les restaurants et les bars sans terrasse pourront occuper \"l'espace public\", annonce Anne\u2026 https://t.co/XK1nd37nUJ", "neg": 0.084, "pos": 0.109, "neu": 0.807}, {"id": 1267053208402366465, "text": "\"Je n'ai aucune intention\" de fermer le site de Maubeuge, assure le pr\u00e9sident du groupe Renault\u2026 https://t.co/1WLCxIyj1Y", "neg": 0.067, "pos": 0.232, "neu": 0.702}, {"id": 1266954270399741952, "text": "ENQU\u00caTE FRANCEINFO. Comment le Covid-19 contraint les militaires et les croisi\u00e9ristes \u00e0 r\u00e9inventer les navires\u2026 https://t.co/rcLpOQlfrk", "neg": 0.113, "pos": 0.146, "neu": 0.741}, {"id": 1267317111816421377, "text": "\"Il y aura enfin des r\u00e8gles\" : en Italie, les travailleurs agricoles clandestins pourront \u00eatre r\u00e9gularis\u00e9s\u2026 https://t.co/WAAOuDJflq", "neg": 0.113, "pos": 0.146, "neu": 0.741}, {"id": 1266811342725484544, "text": "\ud83d\ude80 #SpaceX le d\u00e9but d'une \u00e8re nouvelle ? Dans quatre minutes, d\u00e9collage de la fus\u00e9e habit\u00e9e Falcon-9 en direction de\u2026 https://t.co/gYdMRjTNjB", "neg": 0.067, "pos": 0.232, "neu": 0.702}, {"id": 1266290180425744384, "text": "D\u00e9crocheurs : l'\u00c9ducation nationale a perdu le contact avec 4% des \u00e9l\u00e8ves en moyenne \u00e0 la fin du confinement, indiq\u2026 https://t.co/MOhdiBcPZL", "neg": 0.113, "pos": 0.146, "neu": 0.741}, {"id": 1265694254116098048, "text": "D\u00e9confinement : des cloches en Plexiglas pour rouvrir les restaurants ?\n\nhttps://t.co/quvRJWeicz https://t.co/suYaX1TCBy", "neg": 0.113, "pos": 0.146, "neu": 0.741}, {"id": 1267143413595545600, "text": "DIRECT \ud83d\udd34 Coronavirus : 39 morts \u00e0 l'h\u00f4pital en France en 24 heures. On compte 1 319 malades atteints d\u2019une forme s\u00e9\u2026 https://t.co/u4XE5zkvTP", "neg": 0.084, "pos": 0.109, "neu": 0.807}, {"id": 1267088440388018181, "text": "DIRECT \ud83d\udd34 \"Il ne m'a m\u00eame pas donn\u00e9 l'occasion de parler\" : le fr\u00e8re de George Floyd d\u00e9\u00e7u par sa conversation au t\u00e9l\u2026 https://t.co/yfJxLbZzbO", "neg": 0.067, "pos": 0.232, "neu": 0.702}, {"id": 1265241268860391426, "text": "VIDEO \u25b6  Audiovisuel public : \"On a besoin de faire le point sur les cons\u00e9quences financi\u00e8res de la crise\" pour pou\u2026 https://t.co/1P5DV8YysQ", "neg": 0.113, "pos": 0.146, "neu": 0.741}, {"id": 1266279198148067334, "text": "Reprise des cours : \"La plupart des proviseurs sont pr\u00eats\", les lyc\u00e9ens rentreront \"le 3 juin ou le surlendemain le\u2026 https://t.co/8gMvmpoOr0", "neg": 0.113, "pos": 0.146, "neu": 0.741}, {"id": 1266635455606317056, "text": "AUDIO \u25b6 La startup fran\u00e7aise Alice &amp; Bob veut fabriquer l\u2019un des premiers ordinateurs quantiques du futur, c'est da\u2026 https://t.co/RjMMTZbrmK", "neg": 0.113, "pos": 0.146, "neu": 0.741}, {"id": 1266461746182656000, "text": "Coronavirus\u00a0: les Etats-Unis mettent fin \u00e0 leur relation avec l'Organisation mondiale de la sant\u00e9\u2026 https://t.co/i1wRcE3TuO", "neg": 0.113, "pos": 0.146, "neu": 0.741}, {"id": 1266292432859095042, "text": "R\u00e9mun\u00e9ration des enseignants : l'augmentation \"de la r\u00e9mun\u00e9ration qui est pr\u00e9vue pour 2021\" est \"maintenue\", assure\u2026 https://t.co/1Vx9zDWpIR", "neg": 0.113, "pos": 0.146, "neu": 0.741}, {"id": 1264478241038860290, "text": "Municipales : le plafond des frais de campagne sera augment\u00e9 de 20%, annonce Christophe Castaner\u2026 https://t.co/YzlrQtM6wF", "neg": 0.113, "pos": 0.146, "neu": 0.741}, {"id": 1267114864771817477, "text": "Qui \u00e9tait George Floyd, dont la mort apr\u00e8s une intervention polici\u00e8re est \u00e0 l'origine des manifestations qui secoue\u2026 https://t.co/DktLr2Zu4W", "neg": 0.084, "pos": 0.109, "neu": 0.807}, {"id": 1267339174522359810, "text": "Ch\u00f4mage partiel, prime \u00e0 la conversion, auto-\u00e9coles... Voici tout ce qui change \u00e0 partir du 1er juin (2/5)\u2026 https://t.co/qd0IbOBisP", "neg": 0.113, "pos": 0.146, "neu": 0.741}, {"id": 1266989538687119360, "text": "\"Le calendrier l\u00e9gislatif a \u00e9t\u00e9 consid\u00e9rablement modifi\u00e9\"\u00a0: des d\u00e9put\u00e9s r\u00e9clament le retour du projet de loi sur la\u2026 https://t.co/s17siATE8W", "neg": 0.113, "pos": 0.146, "neu": 0.741}, {"id": 1266426579346915334, "text": "\"Je suis d\u00e9sesp\u00e9r\u00e9\" : les salari\u00e9s de l'usine Renault de Flins ne croient plus en l'avenir du site embl\u00e9matique du\u2026 https://t.co/khGk8l309u", "neg": 0.173, "pos": 0.115, "neu": 0.712}, {"id": 1267367781164412928, "text": "Coronavirus\u00a0: le march\u00e9 automobile fran\u00e7ais continue de plonger et enregistre une baisse de 50,34% en mai\u2026 https://t.co/vuovbOMf0f", "neg": 0.113, "pos": 0.146, "neu": 0.741}, {"id": 1267141288706662400, "text": "Mort de George Floyd : des journalistes vis\u00e9s lors des manifestations aux Etats-Unis\n\nhttps://t.co/325QVx1ue5 https://t.co/aE3i6Vuijp", "neg": 0.067, "pos": 0.232, "neu": 0.702}, {"id": 1266730074667171840, "text": "@franceinfo #ObamaGate #ObamaGate #ObamaGate #ObamaGate #ObamaGate #ObamaGate #ObamaGate #ObamaGate #ObamaGate\u2026 https://t.co/YYHIPzuZ0E", "neg": 0.113, "pos": 0.146, "neu": 0.741}, {"id": 1266606946548953088, "text": "\ud83d\udd34 DIRECT Minneapolis, New York, Atlanta, Washington... Les manifestations gagnent plusieurs villes des Etats-Unis a\u2026 https://t.co/JZatJgWn82", "neg": 0.084, "pos": 0.109, "neu": 0.807}, {"id": 1267084145882210304, "text": "Dordogne : un octog\u00e9naire retrouv\u00e9 vivant apr\u00e8s avoir pass\u00e9 quatre jours sans manger ni boire dans un foss\u00e9\u2026 https://t.co/fazEbIkWH6", "neg": 0.067, "pos": 0.232, "neu": 0.702}, {"id": 1266848866869133312, "text": "\ud83d\ude80 SpaceX : \"C'est une \u00e8re nouvelle qui commence\", s'enthousiasme l'astronaute fran\u00e7ais Patrick Baudry\u2026 https://t.co/5EGZMmB2rj", "neg": 0.084, "pos": 0.109, "neu": 0.807}, {"id": 1266714728040030210, "text": "#VraiOuFake \u2753\n\ud83d\udd0e Coronavirus : l'\u00e9tude du \"Lancet\" sur la chloroquine est-elle \"foireuse\", comme l'affirme le profes\u2026 https://t.co/KiNNHVpStj", "neg": 0.067, "pos": 0.232, "neu": 0.702}, {"id": 1265901094351355904, "text": "\u25b6\ufe0f Faut-il taxer plus largement les h\u00e9ritages ? \"J\u2019y suis plut\u00f4t favorable\", estime St\u00e9phane Richard, le PDG d'Oran\u2026 https://t.co/ZXklZsVJym", "neg": 0.084, "pos": 0.109, "neu": 0.807}, {"id": 1266723536246169601, "text": "EN IMAGES \ud83d\udcf7 De Minneapolis aux abords de la Maison Blanche... La col\u00e8re suscit\u00e9e par la mort de George Floyd gagne\u2026 https://t.co/k6RRIftdpJ", "neg": 0.113, "pos": 0.146, "neu": 0.741}, {"id": 1266257344641429504, "text": "\ud83d\udcac \"La plupart des proviseurs sont pr\u00eats pour une pr\u00e9-rentr\u00e9e\", annonce Jean-Michel Blanquer, ministre de l'Educatio\u2026 https://t.co/lKRS8XDfkw", "neg": 0.173, "pos": 0.115, "neu": 0.712}, {"id": 1266479427480956937, "text": "Regroupement des usines Renault dans le Nord : \"C'est la stupeur, l'incompr\u00e9hension\" pour le maire de Maubeuge\u2026 https://t.co/Ep0wghtwxF", "neg": 0.113, "pos": 0.146, "neu": 0.741}, {"id": 1267183140059168770, "text": "@franceinfo Vous pouvez la garder.", "neg": 0.113, "pos": 0.146, "neu": 0.741}, {"id": 1265346965509771264, "text": "AUDIO \u25b6 Plan de relance automobile : Luc Chatel appelle les Fran\u00e7ais \"\u00e0 se pr\u00e9cipiter \u00e0 partir du 1er juin dans les\u2026 https://t.co/IlIhj65wLP", "neg": 0.113, "pos": 0.146, "neu": 0.741}, {"id": 1266255166203850752, "text": "Mort de Guy Bedos : \"Il remuait la merde pour la faire remonter jusqu'\u00e0 ceux qui dirigent\", t\u00e9moigne Josiane Balask\u2026 https://t.co/peM793IlkC", "neg": 0.173, "pos": 0.115, "neu": 0.712}, {"id": 1265909924900421632, "text": "D\u00e9confinement\u00a0:\u00a0\"Les mairies devraient faire une auto-r\u00e9quisition de tous leurs lieux publics\" pour accueillir plus\u2026 https://t.co/RzweDXfy5k", "neg": 0.113, "pos": 0.146, "neu": 0.741}, {"id": 1266318945142951936, "text": "Coronavirus : les diab\u00e9tiques \u00e2g\u00e9s avec complications sont les plus \u00e0 risque, pr\u00e9cise une \u00e9tude\u2026 https://t.co/K9sUfCnObR", "neg": 0.173, "pos": 0.115, "neu": 0.712}, {"id": 1266659797061046273, "text": "Camion charnier en Angleterre\u00a0: les treize personnes interpell\u00e9es en France ont \u00e9t\u00e9 mises en examen\u2026 https://t.co/zCh8qTaS9g", "neg": 0.113, "pos": 0.146, "neu": 0.741}, {"id": 1266749960206159874, "text": "Une manifestation pour la r\u00e9gularisation des sans-papiers s'\u00e9lance \u00e0 Paris malgr\u00e9 l'interdiction de la pr\u00e9fecture\u2026 https://t.co/6Nm5DNjWis", "neg": 0.067, "pos": 0.232, "neu": 0.702}, {"id": 1266776384199815168, "text": "D\u00e9confinement : le parc Ast\u00e9rix va rouvrir ses portes le 15 juin avec un nombre limit\u00e9 de visiteurs\u2026 https://t.co/DADOl1JSJk", "neg": 0.113, "pos": 0.146, "neu": 0.741}, {"id": 1266648846488211456, "text": "\"Ce n'est pas possible que ce soit encore aujourd'hui une probl\u00e9matique\" : le patineur Guillaume Cizeron se confie\u2026 https://t.co/WXNQkZNICa", "neg": 0.084, "pos": 0.109, "neu": 0.807}, {"id": 1266670836834066432, "text": "@franceinfo https://t.co/CaQfOn4Jma", "neg": 0.113, "pos": 0.146, "neu": 0.741}, {"id": 1267154639193063427, "text": "\"La vie normale reprend ses droits\", affirme le m\u00e9decin J\u00e9r\u00f4me Marty, apr\u00e8s l'annonce de la fin d'un si\u00e8ge sur deux\u2026 https://t.co/Kl8E1Sn5qS", "neg": 0.084, "pos": 0.109, "neu": 0.807}, {"id": 1266802808281608194, "text": "\"Quand on souffre comme \u00e7a, ce n'est pas la peine de rester\" : H\u00e9l\u00e8ne, centenaire, en gr\u00e8ve de la faim pour qu'on l\u2026 https://t.co/UfREuAPjQl", "neg": 0.084, "pos": 0.109, "neu": 0.807}, {"id": 1267040318580576257, "text": "Le parvis de Notre-Dame va rouvrir au public \u00e0 15 heures cet apr\u00e8s-midi, plus d\u2019un an apr\u00e8s l\u2019incendie de la cath\u00e9d\u2026 https://t.co/5snzNRu9rF", "neg": 0.113, "pos": 0.146, "neu": 0.741}, {"id": 1267321829527617536, "text": "DIRECT \ud83d\udd34 Mort de George Floyd : des affrontements \u00e9clatent devant la Maison Blanche, malgr\u00e9 le couvre-feu impos\u00e9 \u00e0\u2026 https://t.co/UaAVHyM4i2", "neg": 0.113, "pos": 0.146, "neu": 0.741}, {"id": 1266752285926973444, "text": "DIRECT \ud83d\udd34 Coronavirus : un vaccin pourrait \u00eatre pr\u00eat d'ici \u00e0 la fin de l'ann\u00e9e, indique la Chine\n\nSuivez le live \u2935\u2026 https://t.co/b4bpY2tlQc", "neg": 0.067, "pos": 0.232, "neu": 0.702}, {"id": 1266620356061790209, "text": "\"Quand on souffre comme \u00e7a, ce n'est pas la peine de rester\"\u00a0: H\u00e9l\u00e8ne, centenaire, en gr\u00e8ve de la fin pour qu'on lu\u2026 https://t.co/MnFFTe56Fc", "neg": 0.067, "pos": 0.232, "neu": 0.702}, {"id": 354960295095066624, "text": "Vous \u00e9coutez France Info, l\u00e0, maintenant? Alors vous \u00e9coutez Fran\u00e7ois Lepage. Un certain flegme british. http://t.co/I8QA0ym2Ip", "neg": 0.113, "pos": 0.146, "neu": 0.741}, {"id": 1266259711122239495, "text": "\ud83d\udcac \"Notre objectif est que tout \u00e9l\u00e8ve de coll\u00e8ge, m\u00eame en zone orange, ait de nouveau eu un contact physique avec so\u2026 https://t.co/oYNYfi0waT", "neg": 0.173, "pos": 0.115, "neu": 0.712}, {"id": 1267035985679958016, "text": "@franceinfo Le Shadok astronaute a fini sa fus\u00e9e. Il s'\u00e9lance dans l'espace.\n Sur Terre, les Shadoks continuent de\u2026 https://t.co/0GoffhsdeG", "neg": 0.113, "pos": 0.146, "neu": 0.741}, {"id": 1265243786189238274, "text": "Maroc : un journaliste plac\u00e9 en d\u00e9tention pour agression sexuelle contre un jeune homosexuel\u2026 https://t.co/dY2o60GZgK", "neg": 0.113, "pos": 0.146, "neu": 0.741}, {"id": 1254813809862049798, "text": "Coronavirus : des dentistes posent nus sur les r\u00e9seaux sociaux pour interpeller sur le manque de moyens de protecti\u2026 https://t.co/wHjhVaaHO4", "neg": 0.173, "pos": 0.115, "neu": 0.712}, {"id": 1266805093271318530, "text": "Pierre Moscovici nomm\u00e9 \u00e0 la t\u00eate de la Cour des comptes\n\nhttps://t.co/506wHbYEHp https://t.co/zQFtpD0yO7", "neg": 0.067, "pos": 0.232, "neu": 0.702}, {"id": 1265171228383379457, "text": "\"Pour les salles de cin\u00e9ma, on travaille sur une r\u00e9ouverture \u00e0 partir de d\u00e9but juillet\", selon le ministre de la Cu\u2026 https://t.co/umvSMUrZkt", "neg": 0.173, "pos": 0.115, "neu": 0.712}, {"id": 1267354857230471170, "text": "Distribution de repas : \"Des gens qui \u00e9taient \u00e0 la limite, et qui s'en sortaient tout juste, ne s'en sortent plus\",\u2026 https://t.co/18ciDtvSB2", "neg": 0.113, "pos": 0.146, "neu": 0.741}, {"id": 1265158046491295744, "text": "\ud83c\udf0d Avec la crise du #Covid19, de nouveaux usages n\u00e9cessitant du plastique sont apparus. Un retour en force qui inqui\u2026 https://t.co/66z16MiDfC", "neg": 0.173, "pos": 0.115, "neu": 0.712}, {"id": 1266429099507019776, "text": "Etats-Unis : pour Barack Obama, la mort de George Floyd ne devrait pas \u00eatre \"normale\" en 2020\u2026 https://t.co/8dlPp8ziNd", "neg": 0.067, "pos": 0.232, "neu": 0.702}, {"id": 1267126189124173827, "text": "100% des billets SNCF d\u00e8s la mi-juin : le retour \u00e0 la normale \"va dans le sens de l'histoire\", la situation \"\u00e9tait\u2026 https://t.co/DNZPj6mONb", "neg": 0.113, "pos": 0.146, "neu": 0.741}, {"id": 1266589633686786049, "text": "ENQU\u00caTE FRANCEINFO. Application StopCovid\u00a0: accouch\u00e9e dans la douleur et d\u00e9j\u00e0 limit\u00e9e\n\nhttps://t.co/zn61hrhxzV https://t.co/32ywSQBARe", "neg": 0.113, "pos": 0.146, "neu": 0.741}, {"id": 981805136732393472, "text": "VID\u00c9O. La situation des Noirs aux \u00c9tats-Unis est \"pire aujourd'hui qu'\u00e0 l'\u00e9poque\", selon la fille de Martin Luther\u2026 https://t.co/Edz5K93Q0a", "neg": 0.173, "pos": 0.115, "neu": 0.712}, {"id": 1266057483459727362, "text": "Le nombre d'arr\u00eats cardiaques a doubl\u00e9 pendant le confinement en r\u00e9gion parisienne, selon une \u00e9tude de l'Inserm\u2026 https://t.co/pHANDVmFWM", "neg": 0.173, "pos": 0.115, "neu": 0.712}, {"id": 1267339525669486593, "text": "ENQUETE FRANCEINFO. Coronavirus\u00a0: pourquoi la France est-elle incapable de conna\u00eetre le nombre de soignants infect\u00e9\u2026 https://t.co/KOYaybGVCO", "neg": 0.084, "pos": 0.109, "neu": 0.807}, {"id": 1267027287486029825, "text": "VIDEO. Mort de George Floyd\u00a0: deux voitures de police foncent sur la foule \u00e0 New York\n\nhttps://t.co/DmqLedWCjx https://t.co/C7wSO4T8KL", "neg": 0.067, "pos": 0.232, "neu": 0.702}, {"id": 1267225198492868610, "text": "@franceinfo L\u2019application quoi ? Cedric qui ? #cedrico #StopCovid #gouvernement #lrem #macron #COVID19 #coronavirus\u2026 https://t.co/j70IveWGqo", "neg": 0.113, "pos": 0.146, "neu": 0.741}, {"id": 1267179037463584768, "text": "D\u00e9confinement : \"100%\" des billets de trains en vente d\u00e8s mi-juin et la fin d'un si\u00e8ge sur deux, annonce Jean-Bapti\u2026 https://t.co/a8SisikLkn", "neg": 0.113, "pos": 0.146, "neu": 0.741}, {"id": 1267146046095884295, "text": "DIRECT \ud83d\udd34 #SpaceX \"Welcome to Bob and Doug !\" : les deux astronautes de la capsule Dragon, Bob Behnken et Doug Hurle\u2026 https://t.co/gnIszhuXl1", "neg": 0.113, "pos": 0.146, "neu": 0.741}, {"id": 1265241721400680448, "text": "@franceinfo A leur corps d\u00e9fendant, toute id\u00e9ologie confondue, ils ont \u00e9t\u00e9 bien manipul\u00e9s par un tr\u00e8s grand infecti\u2026 https://t.co/S9noPLr2YS", "neg": 0.113, "pos": 0.146, "neu": 0.741}, {"id": 1265575975389032448, "text": "D\u00e9confinement\u00a0:\u00a0de l'Alsace \u00e0 la Bourgogne, la timide reprise des \"petits\" mus\u00e9es de r\u00e9gions\u2026 https://t.co/r3RBj5x6r0", "neg": 0.173, "pos": 0.115, "neu": 0.712}, {"id": 1264878881108103169, "text": "VIDEO \u25b6 Crise li\u00e9e au coronavirus : Fran\u00e7ois Hollande propose \"un plan en 5 points\" avec notamment \"un ch\u00e8que de co\u2026 https://t.co/Oy6gRgVfl4", "neg": 0.113, "pos": 0.146, "neu": 0.741}, {"id": 1266734860821049347, "text": "L'Espagne pourrait accueillir des touristes allemands, fran\u00e7ais et scandinaves d\u00e8s la fin juin\u2026 https://t.co/lFSljfEwGl", "neg": 0.113, "pos": 0.146, "neu": 0.741}, {"id": 1267119694433202177, "text": "DIRECT \ud83d\udd34 Coronavirus : l'application StopCovid sera finalement disponible mardi 2 juin \u00e0 midi, annonce C\u00e9dric O\n\nSu\u2026 https://t.co/o8DgLP6jmo", "neg": 0.067, "pos": 0.232, "neu": 0.702}, {"id": 1266651310012502016, "text": "Municipales : \u00e0 Perpignan, l'\u00e9cologiste Agn\u00e8s Langevine se retire pour faire barrage au RN Louis Aliot\u2026 https://t.co/c8rBzemY0a", "neg": 0.067, "pos": 0.232, "neu": 0.702}, {"id": 1266818426020016132, "text": "\ud83d\ude80 #SpaceX Les deux astronautes Doug Hurley et Bob Behnken arriveront demain apr\u00e8s-midi. Arrimage vers 16h30, ouvert\u2026 https://t.co/lndVQzWpAo", "neg": 0.173, "pos": 0.115, "neu": 0.712}, {"id": 1264999835893215238, "text": "DIRECT \ud83d\udd34 Coronavirus : le Royaume-Uni pr\u00e9voit de rouvrir les commerces en juin\n\nSuivez le live \u2935\u2026 https://t.co/Lj9lSc9f3K", "neg": 0.173, "pos": 0.115, "neu": 0.712}, {"id": 1155108074635399169, "text": "Russie : plus de 200 personnes arr\u00eat\u00e9es lors d'une manifestation de l'opposition \u00e0 Moscou\n\nhttps://t.co/1E8rKT6EbV https://t.co/aJJIsKegID", "neg": 0.173, "pos": 0.115, "neu": 0.712}, {"id": 1266519404520579072, "text": "@franceinfo Ce qu\u2019il y \u00e0 de bien c\u2019est que c\u2019est pas avec tout ceux qui refusent de contribuer, que la propagation\u2026 https://t.co/hKYzQVVcgT", "neg": 0.113, "pos": 0.146, "neu": 0.741}, {"id": 1266761290875154439, "text": "Gu\u00e9ri du coronavirus, le d\u00e9put\u00e9 du Haut-Rhin Jean-Luc Reitzer raconte : \"Apr\u00e8s \u00e7a, on n'est plus tout \u00e0 fait le m\u00eam\u2026 https://t.co/Rn80vBDrU1", "neg": 0.067, "pos": 0.232, "neu": 0.702}, {"id": 1266308304772440066, "text": "Plan d'\u00e9conomies chez Renault : c'est \"le risque de la mort pure et simple\" de l'entreprise \"\u00e0 br\u00e8ve \u00e9ch\u00e9ance\", ave\u2026 https://t.co/MwXN3lrl2Y", "neg": 0.113, "pos": 0.146, "neu": 0.741}, {"id": 1267348449650933762, "text": "R\u00e9ouverture du parvis de Notre-Dame de Paris : \"Cela donne un message d'espoir\", Mgr Michel Aupetit, archev\u00eaque de\u2026 https://t.co/ms2NbLlnXh", "neg": 0.113, "pos": 0.146, "neu": 0.741}, {"id": 1264931729363607552, "text": "La chloroquine jug\u00e9e inefficace pour le coronavirus : le professeur Raoult d\u00e9nonce \"une \u00e9tude foireuse\"\u2026 https://t.co/aq1VVtUUN1", "neg": 0.113, "pos": 0.146, "neu": 0.741}, {"id": 1266682179691651072, "text": "Mort de George Floyd\u00a0: les manifestants veulent ''la justice raciale et la justice sociale face \u00e0 des d\u00e9cennies d'a\u2026 https://t.co/NzbMMfh5wk", "neg": 0.067, "pos": 0.232, "neu": 0.702}, {"id": 1266662382887198723, "text": "AUDIO \u25b6 Peut-on tout diffuser dans un reportage\u00a0? C'est \u00e0 r\u00e9\u00e9couter \ud83d\udd0a dans le rendez-vous de la m\u00e9diatrice, juste l\u2026 https://t.co/Tm3J7CtxaP", "neg": 0.113, "pos": 0.146, "neu": 0.741}, {"id": 1266257773282512896, "text": "\ud83d\udcac Tout sera pr\u00eat le 2 juin dans les lyc\u00e9es en zone verte ? \"L\u2019objectif est celui-l\u00e0. Apr\u00e8s, il peut y avoir des exc\u2026 https://t.co/yo3LysmNPS", "neg": 0.173, "pos": 0.115, "neu": 0.712}, {"id": 1265211070366416904, "text": "VIDEO \u25b6 Coronavirus : \"Nous ne ferons pas la f\u00eate de la musique comme d'habitude\", estime le ministre de la Culture\u2026 https://t.co/Est1UjvaxP", "neg": 0.113, "pos": 0.146, "neu": 0.741}, {"id": 1267319966354804736, "text": "DIRECT \ud83d\udd34 Coronavirus : apr\u00e8s deux mois et demi de fermeture, les restaurateurs se pr\u00e9parent pour la r\u00e9ouverture\n\nSu\u2026 https://t.co/OD58MckNXM", "neg": 0.113, "pos": 0.146, "neu": 0.741}, {"id": 1267166049075638272, "text": "DIRECT \ud83d\udd34 Mort de George Floyd : Trump annonce vouloir d\u00e9signer la mouvance \"Antifa\" comme organisation terroriste\u2026 https://t.co/SuBh51iaIt", "neg": 0.067, "pos": 0.232, "neu": 0.702}, {"id": 1266640488989417472, "text": "AUDIO \u25b6 Jerry Lee Lewis, Maud Geffray et Maxime Delpierre sont au menu de la playlist franceinfo, en \u00e9coute libre i\u2026 https://t.co/87T7A5P478", "neg": 0.173, "pos": 0.115, "neu": 0.712}, {"id": 1265246302297681925, "text": "Un 10e groupe politique, situ\u00e9 dans la majorit\u00e9, se cr\u00e9e \u00e0 l'Assembl\u00e9e nationale\n\nhttps://t.co/Qa5ys1tnwD https://t.co/NMCycRNgEn", "neg": 0.113, "pos": 0.146, "neu": 0.741}, {"id": 1267111090015498240, "text": "\ud83d\ude80 SpaceX : \"Le trampoline fonctionne\", lance avec ironie Elon Musk au patron de l'agence spatiale russe\u2026 https://t.co/xB4JqtuYuh", "neg": 0.084, "pos": 0.109, "neu": 0.807}, {"id": 1266673507154497536, "text": "@franceinfo @jmblanquer Faudrait  que l.on rappelle  \u00e0 certaines  personnes  que nous sommes  pas des Esclaves  dir\u2026 https://t.co/PLqRGNgq7k", "neg": 0.113, "pos": 0.146, "neu": 0.741}, {"id": 1267350815746002944, "text": "Fl\u00e8che de Notre-Dame de Paris : \"Il semble qu'une majorit\u00e9 se dessine pour une reconstruction \u00e0 l'identique\", Mgr M\u2026 https://t.co/oNnQGeIR9Y", "neg": 0.113, "pos": 0.146, "neu": 0.741}, {"id": 1266444817028046848, "text": "Minneapolis : le policier mis en cause dans la mort de George Floyd a \u00e9t\u00e9 arr\u00eat\u00e9 et inculp\u00e9 d'homicide involontaire\u2026 https://t.co/sQkorMn7SO", "neg": 0.067, "pos": 0.232, "neu": 0.702}, {"id": 1267339819140644865, "text": "Mort de Christo\u00a0: \"Il n'\u00e9tait pas seulement le concepteur de ses oeuvres, il en \u00e9tait aussi l'artisan\", r\u00e9agit Jack\u2026 https://t.co/HS9kSvn1o9", "neg": 0.084, "pos": 0.109, "neu": 0.807}, {"id": 1267137513707036673, "text": "\"On avait pr\u00e9par\u00e9 des excuses \u00e0 l'avance\" : \u00e0 Etretat, certains ont d\u00e9pass\u00e9 la limite des 100 kilom\u00e8tres pour un bo\u2026 https://t.co/DXr1AwOY7N", "neg": 0.113, "pos": 0.146, "neu": 0.741}, {"id": 1266592170321932291, "text": "\"C'est important, il me manque une partie de moi\"\u00a0: interdits et pourtant largement pratiqu\u00e9s, faut-il l\u00e9galiser le\u2026 https://t.co/ggDPiECxqA", "neg": 0.173, "pos": 0.115, "neu": 0.712}, {"id": 1266005051715334147, "text": "DIRECT \ud83d\udd34 Coronavirus : la Cor\u00e9e du Sud r\u00e9active des mesures apr\u00e8s de nouveaux cas\n\nSuivez le live \u2935\ufe0f\u2026 https://t.co/2TqCMhYrdC", "neg": 0.173, "pos": 0.115, "neu": 0.712}, {"id": 1267029803950936064, "text": "Etats-Unis : Donald Trump peut-il r\u00e9guler Twitter et les autres r\u00e9seaux sociaux, comme il affirme vouloir le faire\u00a0\u2026 https://t.co/X0I0thSyRu", "neg": 0.067, "pos": 0.232, "neu": 0.702}, {"id": 1266787916149395456, "text": "DIRECT \ud83d\udd34 Coronavirus : 57 morts en 24 heures dans les h\u00f4pitaux en France, la baisse se poursuit en r\u00e9animation\n\nSui\u2026 https://t.co/5i2Tmi9jhG", "neg": 0.067, "pos": 0.232, "neu": 0.702}, {"id": 1266957245025259520, "text": "Coronavirus : les viticulteurs en difficult\u00e9, la r\u00e9gion Occitanie promet un plan d'aides \"in\u00e9dit\"\u2026 https://t.co/CCW9GVeCHd", "neg": 0.113, "pos": 0.146, "neu": 0.741}, {"id": 1266710953275449350, "text": "D\u00e9confinement : accidents mortels, exc\u00e8s de vitesse... la S\u00e9curit\u00e9 routi\u00e8re s'inqui\u00e8te de \"premiers chiffres alarma\u2026 https://t.co/BuOiZ2sIor", "neg": 0.113, "pos": 0.146, "neu": 0.741}, {"id": 1267324495930339328, "text": "Ch\u00f4mage partiel, prime \u00e0 la conversion, auto-\u00e9coles... Voici tout ce qui change \u00e0 partir du 1er juin\u2026 https://t.co/uoHTfdLlUH", "neg": 0.173, "pos": 0.115, "neu": 0.712}, {"id": 1266950681224765440, "text": "L'ex-p\u00e8re Preynat devra indemniser ses victimes, \"l'\u00c9glise s'exclue de sa propre responsabilit\u00e9\", d\u00e9plore le pr\u00e9sid\u2026 https://t.co/veHfMJdeau", "neg": 0.067, "pos": 0.232, "neu": 0.702}, {"id": 1266972679355027456, "text": "ENQUETE FRANCEINFO. Coronavirus\u00a0: peut-on se fier aux tests s\u00e9rologiques propos\u00e9s par les laboratoires\u00a0?\u2026 https://t.co/ClWpuIza7n", "neg": 0.084, "pos": 0.109, "neu": 0.807}, {"id": 1266746188151259136, "text": "\"On a le sentiment d'un rel\u00e2chement\" : les exc\u00e8s de vitesse et les accidents mortels en hausse depuis le d\u00e9confinem\u2026 https://t.co/fx5ezJbvYB", "neg": 0.084, "pos": 0.109, "neu": 0.807}, {"id": 1265534529999179777, "text": "Arr\u00eat du championnat de foot de Ligue 1 : \"La logique \u00e9conomique et europ\u00e9enne \u00e9tait d'aller au bout des comp\u00e9titio\u2026 https://t.co/1im3UBffSH", "neg": 0.173, "pos": 0.115, "neu": 0.712}, {"id": 1266629644721295361, "text": "@franceinfo C\u2019est la r\u00e9ouverture qui se \u00ab\u00a0profile\u00a0\u00bb et non les bars et restaurant qui se \u00ab\u00a0profilent\u00a0\u00bb...", "neg": 0.113, "pos": 0.146, "neu": 0.741}, {"id": 1266983693446512641, "text": "\"Tout sera diff\u00e9rent\" apr\u00e8s l'\u00e9pid\u00e9mie de coronavirus dans un monde \"meilleur ou pire\", pr\u00e9vient le pape Fran\u00e7ois\u2026 https://t.co/j9psxNljJI", "neg": 0.067, "pos": 0.232, "neu": 0.702}, {"id": 1266772609498259456, "text": "Haute-Garonne : la gendarmerie alerte sur la pr\u00e9sence de tortues carnivores en bordure du canal du Midi\u2026 https://t.co/beTDFVCCDO", "neg": 0.084, "pos": 0.109, "neu": 0.807}, {"id": 1266258041281761280, "text": "\ud83d\udcac Annulation de l\u2019oral du bac de fran\u00e7ais : \"C\u2019est surtout pour des raisons d\u2019\u00e9quit\u00e9\", pr\u00e9cise Jean-Michel Blanquer\u2026 https://t.co/HiMxfEB8ji", "neg": 0.173, "pos": 0.115, "neu": 0.712}, {"id": 1265631339262496768, "text": "L'humoriste Jean-Marie Bigard \"pourrait\" \u00eatre \"int\u00e9ress\u00e9\" par la pr\u00e9sidentielle de 2022\n\nhttps://t.co/mEB60xz1fk https://t.co/mZzkNBvdI7", "neg": 0.113, "pos": 0.146, "neu": 0.741}, {"id": 1267128880063709184, "text": "DIRECT \ud83d\udd34 Mort de George Floyd : un homme retrouv\u00e9 mort pr\u00e8s d'une voiture br\u00fbl\u00e9e \u00e0 Minneapolis\n\nSuivez le live \u2935\u2026 https://t.co/Tty2FdNuT1", "neg": 0.113, "pos": 0.146, "neu": 0.741}, {"id": 1266799034800443392, "text": "Etats-Unis : ce que l'on sait de Derek Chauvin, le policier mis en examen apr\u00e8s la mort de George Floyd\u2026 https://t.co/OV6lTUfqI4", "neg": 0.067, "pos": 0.232, "neu": 0.702}, {"id": 1267043141913391104, "text": "Municipales : \"Les Fran\u00e7ais ne doivent pas avoir \u00e0 choisir entre leur sant\u00e9 et leur droit civique\", selon un d\u00e9put\u00e9\u2026 https://t.co/scB1Wmh137", "neg": 0.067, "pos": 0.232, "neu": 0.702}, {"id": 1266664899628822533, "text": "Difficult\u00e9s des bars et restaurants\u00a0: \"Je connais des cas de suicides et j'ai peur que si on ne fait rien, \u00e7a risqu\u2026 https://t.co/Fgtcug2bpM", "neg": 0.067, "pos": 0.232, "neu": 0.702}, {"id": 1266438407410135042, "text": "AUDIO \u25b6\ufe0f Contr\u00f4le de temp\u00e9rature \u00e0 l'a\u00e9roport, port du masque, nourriture pr\u00e9-emball\u00e9e : de nouvelles r\u00e8gles pour l\u2026 https://t.co/k0Rh1IB4Kg", "neg": 0.173, "pos": 0.115, "neu": 0.712}, {"id": 1267201495465934848, "text": "SpaceX : \"Le jour o\u00f9 Thomas Pesquet pourra d\u00e9coller de la Guyane, il se passera quelque chose en Europe\", r\u00eave le P\u2026 https://t.co/i9AvaDC08f", "neg": 0.067, "pos": 0.232, "neu": 0.702}, {"id": 1263878791224594432, "text": "\"Il faut aller l\u00e0 o\u00f9 l'air se renouvelle le plus souvent\" : un professeur de m\u00e9decine d\u00e9fend la r\u00e9ouverture des par\u2026 https://t.co/uXjNY1qYys", "neg": 0.173, "pos": 0.115, "neu": 0.712}, {"id": 1265231202711044096, "text": "Fran\u00e7ais bloqu\u00e9s au Maghreb : Jean-Yves Le Drian annonce des \"vols quotidiens\" depuis Alger et des \"liaisons mariti\u2026 https://t.co/Q0CDsg2dlf", "neg": 0.113, "pos": 0.146, "neu": 0.741}, {"id": 1267078376646475779, "text": "ENQUETE FRANCEINFO \ud83d\udc49 Coronavirus : peut-on se fier aux tests s\u00e9rologiques propos\u00e9s par les laboratoires ?\u2026 https://t.co/p2xszvTxD6", "neg": 0.084, "pos": 0.109, "neu": 0.807}, {"id": 1207678365714538498, "text": "VIDEO. \"On pourrait assister \u00e0 un 'Irma social'\" : Saint-Martin voit rouge contre le plan de pr\u00e9vention des risques\u2026 https://t.co/IU5IuEs8HQ", "neg": 0.173, "pos": 0.115, "neu": 0.712}, {"id": 1267340075668512771, "text": "\"Il y aura enfin des r\u00e8gles\"\u00a0: en Italie, les travailleurs agricoles clandestins pourront \u00eatre r\u00e9gularis\u00e9s (5/5)\u2026 https://t.co/tYL5E9cLcv", "neg": 0.113, "pos": 0.146, "neu": 0.741}, {"id": 1266625390229020677, "text": "Donald Trump sanctionne la Chine en r\u00e9voquant le statut sp\u00e9cial de Hong Kong\n\nhttps://t.co/hmcZy5yUZN https://t.co/fpJGvRX4EJ", "neg": 0.084, "pos": 0.109, "neu": 0.807}, {"id": 1267095990387068930, "text": "VIDEO \ud83d\udc49 Renault : \"Les projets d'extension au Maroc, en Roumanie et en Russie n'auront pas lieu\", assure Bruno Le M\u2026 https://t.co/yppXweUWTL", "neg": 0.084, "pos": 0.109, "neu": 0.807}, {"id": 1267047623384539137, "text": "\"C'est un acte de la vie qui continue\"\u00a0: les mariages reprennent timidement, avec des r\u00e8gles strictes\u2026 https://t.co/TXpT08xfFE", "neg": 0.113, "pos": 0.146, "neu": 0.741}, {"id": 1266643005307568129, "text": "AUDIO \u25b6 La Turquie en proie \u00e0 toutes les inqui\u00e9tudes, c'est le sujet de Micro europ\u00e9en, \u00e0 retrouver ici \u2935 \ud83d\udd0a\u2026 https://t.co/t7urrNEfO5", "neg": 0.113, "pos": 0.146, "neu": 0.741}, {"id": 1267012456276267008, "text": "\"On est super frustr\u00e9s, \u00e7'aurait \u00e9t\u00e9 un Roland-Garros incroyable\"\u00a0: les amateurs de tennis dans l'attente de l'\u00e9dit\u2026 https://t.co/5y1z8Qah0h", "neg": 0.067, "pos": 0.232, "neu": 0.702}, {"id": 1263830472875859968, "text": "Pollution : \"On voit arriver une vague de d\u00e9chets plastiques\", s'inqui\u00e8te l'association Zero Waste France\u2026 https://t.co/ymZ5mBi2D0", "neg": 0.173, "pos": 0.115, "neu": 0.712}, {"id": 1267122414237945858, "text": "Une c\u00e9r\u00e9monie pour Guy Bedos le 4 juin \u00e0 l'\u00e9glise Saint-Germain-des-Pr\u00e9s \u00e0 Paris\n\nhttps://t.co/me1dEgFGon https://t.co/20fXQfhvhF", "neg": 0.084, "pos": 0.109, "neu": 0.807}, {"id": 1267188391097049090, "text": "L'application StopCovid sera finalement disponible mardi 2 juin \u00e0 midi, annonce C\u00e9dric O\n\nhttps://t.co/Jk69HjkKWm https://t.co/xEtJmm5Fsr", "neg": 0.067, "pos": 0.232, "neu": 0.702}, {"id": 1266425321148026888, "text": "D\u00e9confinement : les \u00e9coles pourront-elles vraiment accueillir tous les \u00e9l\u00e8ves volontaires en juin ?\u2026 https://t.co/cMRxX9POUI", "neg": 0.173, "pos": 0.115, "neu": 0.712}, {"id": 1262781561306402817, "text": "Pourquoi jeter son masque de protection par terre est-il dangereux et polluant ?\n\nhttps://t.co/wKKmykjr9f https://t.co/W4j9JJpSGY", "neg": 0.173, "pos": 0.115, "neu": 0.712}, {"id": 1267120237394169856, "text": "@franceinfo Qui s'en balance les bijoux de famille ?", "neg": 0.113, "pos": 0.146, "neu": 0.741}, {"id": 1267043276403679233, "text": "\ud83d\udd34 DIRECT. D\u00e9confinement\u00a0: \"100% de l'offre\" de la SNCF commercialis\u00e9e \u00e0 partir de la mi-juin et la r\u00e8gle d'un si\u00e8ge\u2026 https://t.co/ToDOhIvXLy", "neg": 0.067, "pos": 0.232, "neu": 0.702}, {"id": 1267003696996667393, "text": "\"Pourquoi en 2020 on en est toujours l\u00e0\u00a0?\"\u00a0: des manifestants crient leur col\u00e8re sous les fen\u00eatres de Donald Trump\u2026 https://t.co/sSinrCGWSJ", "neg": 0.067, "pos": 0.232, "neu": 0.702}, {"id": 1049920523315159040, "text": "Le \"racisme anti-Blancs\" n'existe pas pour les sciences sociales. Car le racisme, ce sont des agressions et des inj\u2026 https://t.co/kYyl3MBOP1", "neg": 0.173, "pos": 0.115, "neu": 0.712}, {"id": 1267335740746280966, "text": "Coronavirus : les Etats-Unis ont envoy\u00e9 2 millions de doses d'hydroxychloroquine au Br\u00e9sil\n\nhttps://t.co/DoKxqRIwwN https://t.co/iA3OjiTUJY", "neg": 0.067, "pos": 0.232, "neu": 0.702}, {"id": 1266594686896148480, "text": "\"On a diminu\u00e9 nos prix pour la reprise\"\u00a0: avec la r\u00e9ouverture du canal du Midi, les restaurants et les h\u00f4tels esp\u00e8r\u2026 https://t.co/t8qmDwPqAf", "neg": 0.173, "pos": 0.115, "neu": 0.712}, {"id": 1267032320617447425, "text": "SpaceX : \"C'\u00e9tait tr\u00e8s important de r\u00e9cup\u00e9rer un deuxi\u00e8me moyen ind\u00e9pendant d'acc\u00e8s \u00e0 l'ISS\", estime le spationaute\u2026 https://t.co/PelaM4tA6T", "neg": 0.067, "pos": 0.232, "neu": 0.702}, {"id": 1266731087180345347, "text": "SpaceX va retenter de lancer son premier vol habit\u00e9 ce soir \u00e0 21h22 heure fran\u00e7aise \ud83d\ude80\n\nhttps://t.co/He3ZrJxvNM https://t.co/C2EZ4qVAf7", "neg": 0.173, "pos": 0.115, "neu": 0.712}, {"id": 1267346823938813952, "text": "Impact \u00e9conomique du coronavirus sur l'Eglise : \"Des dioc\u00e8ses vivent beaucoup de la qu\u00eate, la qu\u00eate \u00e9tant absente \u00e7\u2026 https://t.co/fOPmyyPGeT", "neg": 0.084, "pos": 0.109, "neu": 0.807}, {"id": 1266999375269703684, "text": "\ud83d\udd34 DIRECT. Mort de George Floyd\u00a0: les \u00c9tats-Unis toujours sous haute tension, le couvre-feu impos\u00e9 dans plusieurs vi\u2026 https://t.co/CLftOh71f6", "neg": 0.084, "pos": 0.109, "neu": 0.807}, {"id": 1267192893783134210, "text": "Reims : un traiteur livre 140 repas aux d\u00e9tenus de la prison pour les remercier de s'\u00eatre mobilis\u00e9s pour les soigna\u2026 https://t.co/9OOoOHzbuv", "neg": 0.084, "pos": 0.109, "neu": 0.807}, {"id": 1264901530458615808, "text": "La th\u00e9ologienne Anne Soupa \"candidate\" \u00e0 l'archev\u00each\u00e9 de Lyon pour alerter sur l'invisibilit\u00e9 des femmes dans l'Egl\u2026 https://t.co/s5ZN8jo26F", "neg": 0.173, "pos": 0.115, "neu": 0.712}, {"id": 1267074168673239041, "text": "Possibilit\u00e9 pour les bars et restaurants d'occuper l'espace public \u00e0 Paris : \"C'est une charte tr\u00e8s souple, bas\u00e9e s\u2026 https://t.co/5CcCvyvj4S", "neg": 0.067, "pos": 0.232, "neu": 0.702}, {"id": 1266992810374225920, "text": "\ud83d\udd34 DIRECT. Sur la plage ou dans les parcs, les Fran\u00e7ais soufflent avant la phase 2 du d\u00e9confinement, suivez la situa\u2026 https://t.co/5cZ7weoM1W", "neg": 0.067, "pos": 0.232, "neu": 0.702}, {"id": 1266757509869645827, "text": "Camion charnier en Angleterre : les treize personnes interpell\u00e9es en France ont \u00e9t\u00e9 mises en examen\u2026 https://t.co/D3R2XXk47F", "neg": 0.113, "pos": 0.146, "neu": 0.741}, {"id": 1266623375973076993, "text": "\ud83d\udd34 DIRECT. D\u00e9confinement\u00a0: les parcs et les jardins rouvrent ce matin, en attendant les caf\u00e9s et les restaurants mar\u2026 https://t.co/H1l07Zjlwx", "neg": 0.173, "pos": 0.115, "neu": 0.712}, {"id": 1266783934601285632, "text": "DIRECT \ud83d\udd34 Vol habit\u00e9 SpaceX : Doug Hurley et Bob Behnken font leurs adieux \u00e0 leur famille avant la deuxi\u00e8me tentativ\u2026 https://t.co/FKT37r5gV2", "neg": 0.084, "pos": 0.109, "neu": 0.807}, {"id": 1266260590206410757, "text": "\ud83d\udcac \"Souvenez-vous des p\u00e9titions que j\u2019ai eues pour m\u2019emp\u00eacher d\u2019ouvrir [les \u00e9coles il y a 3 semaines] Mme Hidalgo av\u2026 https://t.co/HcXMKGMU8P", "neg": 0.173, "pos": 0.115, "neu": 0.712}, {"id": 1267364535226204160, "text": "Mort de George Floyd : Joe Biden s'est rendu sur les lieux d'une manifestation contre le racisme\u2026 https://t.co/LLiW8XTRRE", "neg": 0.113, "pos": 0.146, "neu": 0.741}, {"id": 1267353549098418176, "text": "Mort de George Floyd : Lewis Hamilton d\u00e9nonce le silence du monde de la F1 \"domin\u00e9 par les blancs\"\u2026 https://t.co/piWearyXhI", "neg": 0.067, "pos": 0.232, "neu": 0.702}, {"id": 1267030290796601345, "text": "@franceinfo https://t.co/BiK5cnnKkm", "neg": 0.113, "pos": 0.146, "neu": 0.741}, {"id": 1265216103166468096, "text": "Coronavirus : la Commission nationale de l'informatique et des libert\u00e9s donne son feu vert \u00e0 l'application de tra\u00e7a\u2026 https://t.co/JaPHi895A4", "neg": 0.113, "pos": 0.146, "neu": 0.741}, {"id": 1266812589037813766, "text": "#SPACEX La fus\u00e9e vient de d\u00e9coller ! Le d\u00e9collage de la premi\u00e8re mission spatiale habit\u00e9e organis\u00e9e par les Etats-U\u2026 https://t.co/PLlLnrkJdi", "neg": 0.084, "pos": 0.109, "neu": 0.807}, {"id": 1265233719322959872, "text": "Coronavirus : l'OMS suspend \"temporairement\" les essais cliniques avec l'hydroxychloroquine, par mesure de pr\u00e9cauti\u2026 https://t.co/vA9p2r5DfW", "neg": 0.113, "pos": 0.146, "neu": 0.741}, {"id": 1266627905896935425, "text": "La r\u00e9ouverture des #bars et des #restaurants se profilent. Et comment \u00e7a se passe ailleurs dans le monde ?\n\n\ud83c\udde7\ud83c\uddea\ud83c\uddee\ud83c\uddf9\ud83c\uddec\ud83c\udde7\u2026 https://t.co/6Vu3Y2OkdS", "neg": 0.113, "pos": 0.146, "neu": 0.741}, {"id": 1266339839143817217, "text": "INFO FRANCEINFO. Affaire Adama Traor\u00e9 : une expertise m\u00e9dicale \u00e9carte la responsabilit\u00e9 des forces de l'ordre\u2026 https://t.co/IxJKVaLPG9", "neg": 0.113, "pos": 0.146, "neu": 0.741}, {"id": 1267102898640617473, "text": "DIRECT \ud83d\udd34 SpaceX : la capsule Dragon avec deux astronautes am\u00e9ricains \u00e0 bord s'est amarr\u00e9e \u00e0 l'ISS \ud83d\ude80\n\nhttps://t.co/GmjEaCTGxc", "neg": 0.067, "pos": 0.232, "neu": 0.702}, {"id": 1266410221636894721, "text": "Fin de l'interdiction de d\u00e9placement \u00e0 plus de 100 kilom\u00e8tres : \"La SNCF est comme punie puisqu'elle ne peut pas ve\u2026 https://t.co/zDi2MUANL9", "neg": 0.173, "pos": 0.115, "neu": 0.712}, {"id": 1266645522045005824, "text": "Etats-Unis : contrairement \u00e0 Twitter, Facebook refuse de censurer les publications de Donald Trump\u2026 https://t.co/2bTumhtGLX", "neg": 0.084, "pos": 0.109, "neu": 0.807}, {"id": 1267107315003453445, "text": "Rapha\u00ebl Ibanez : en novembre, le XV de France doit \"gagner une \u00e0 deux places au classement mondial\"\u2026 https://t.co/mbmKUgyWer", "neg": 0.173, "pos": 0.115, "neu": 0.712}, {"id": 1266436645596717056, "text": "\"C\u2019est un bonheur d\u2019\u00eatre de nouveau dans un mus\u00e9e\" : \u00e0 Paris, le mus\u00e9e Jacquemart-Andr\u00e9 rouvre et prolonge l\u2019exposi\u2026 https://t.co/cZP2Y6Canp", "neg": 0.173, "pos": 0.115, "neu": 0.712}, {"id": 1267133738871328768, "text": "D\u00e9confinement : \"100%\" des billets de trains en vente d\u00e8s mi-juin et la fin d'un si\u00e8ge sur deux, annonce Jean-Bapti\u2026 https://t.co/vYiXXC0R3p", "neg": 0.084, "pos": 0.109, "neu": 0.807}, {"id": 1197050872225828864, "text": "@celineasselot #franceinfo : L'audience du 17h/20h de @nico_teillard est en hausse et compte chaque jour 1 127 000\u2026 https://t.co/s0rPZbtUIK", "neg": 0.113, "pos": 0.146, "neu": 0.741}, {"id": 1267327263927930880, "text": "ENQUETE FRANCEINFO. Coronavirus : pourquoi la France est-elle incapable de conna\u00eetre le nombre de soignants infect\u00e9\u2026 https://t.co/V8k72L5JI7", "neg": 0.084, "pos": 0.109, "neu": 0.807}, {"id": 1266269544496148480, "text": "Mort de George Floyd aux Etats-Unis : troisi\u00e8me nuit d'affrontements avec la police \u00e0 Minneapolis, la garde nationa\u2026 https://t.co/szM8vjoILr", "neg": 0.113, "pos": 0.146, "neu": 0.741}, {"id": 1266707178179702784, "text": "DIRECT \ud83d\udd34 D\u00e9confinement : les parcs et les jardins ont rouvert en r\u00e9gion parisienne, en attendant les caf\u00e9s et les r\u2026 https://t.co/tRODeRjKPX", "neg": 0.113, "pos": 0.146, "neu": 0.741}, {"id": 1267034837115965440, "text": "Coronavirus : \u00e0 J\u00e9rusalem, l'esplanade des Mosqu\u00e9es rouvre apr\u00e8s dix semaines de fermeture\n\nhttps://t.co/SIQWkIGFop https://t.co/LoKa0EFHUZ", "neg": 0.113, "pos": 0.146, "neu": 0.741}, {"id": 1264162913432068098, "text": "#VraiOuFake \u2753\n\ud83d\udd0e La preuve que l\u2019hydroxychloroquine est efficace existe-t-elle ?\n\nhttps://t.co/d23VRjlIYk https://t.co/PIZL800ewh", "neg": 0.113, "pos": 0.146, "neu": 0.741}, {"id": 1265939732523073537, "text": "Un marchand d'art offre un tableau de Spranger au Rijksmuseum d'Amsterdam en hommage aux victimes du coronavirus\u2026 https://t.co/QbfHBGdBSe", "neg": 0.173, "pos": 0.115, "neu": 0.712}, {"id": 1266806152010051584, "text": "DIRECT \ud83d\udd34 Lancement de la fus\u00e9e Falcon-9 : SpaceX  \ud83d\ude80 donne le feu vert au remplissage des r\u00e9servoirs, Donald Trump e\u2026 https://t.co/t6ugkZAdZu", "neg": 0.067, "pos": 0.232, "neu": 0.702}, {"id": 1265935342437306368, "text": "Municipales \u00e0 Paris\u00a0:\u00a0\"Je ne fais pas alliance avec Rachida Dati\" car \"je pr\u00e9f\u00e8re perdre une \u00e9lection que perdre me\u2026 https://t.co/I00R9BNdmc", "neg": 0.067, "pos": 0.232, "neu": 0.702}, {"id": 1265339415926173696, "text": "Coronavirus : 47 personnalit\u00e9s tirent la sonnette d'alarme sur la situation des associations et refuges de protecti\u2026 https://t.co/TEUIfyWq5p", "neg": 0.173, "pos": 0.115, "neu": 0.712}, {"id": 1266968902694666240, "text": "RECIT. De \"La Haine\" \u00e0 l'amour\u00a0: comment le film culte de Mathieu Kassovitz a conquis Cannes, avant de marquer tout\u2026 https://t.co/5o2i808ZiQ", "neg": 0.067, "pos": 0.232, "neu": 0.702}, {"id": 1266742410437996550, "text": "Etats-Unis : ce que l'on sait de Derek Chauvin, le policier mis en examen apr\u00e8s la mort de George Floyd\u2026 https://t.co/iy1SW3duUj", "neg": 0.067, "pos": 0.232, "neu": 0.702}, {"id": 1266986518733828096, "text": "Lutte contre le coronavirus : la chloroquine largement utilis\u00e9e au Br\u00e9sil, malgr\u00e9 les d\u00e9saccords scientifiques\u2026 https://t.co/9pgcnf7CKA", "neg": 0.084, "pos": 0.109, "neu": 0.807}, {"id": 1267311976822255616, "text": "Mort de Christo : \"Il n'\u00e9tait pas seulement le concepteur de ses oeuvres, il en \u00e9tait aussi l'artisan\", r\u00e9agit Jack\u2026 https://t.co/vyvm4IJREt", "neg": 0.113, "pos": 0.146, "neu": 0.741}, {"id": 1266054125101383686, "text": "D\u00e9confinement : Edouard Philippe \"invite\" les Fran\u00e7ais \u00e0 \"utiliser\" l'application de tra\u00e7age StopCovid, disponible\u2026 https://t.co/83mfao9HIJ", "neg": 0.113, "pos": 0.146, "neu": 0.741}, {"id": 1266667667840270336, "text": "\ud83d\udd34 DIRECT. Mort de George Floyd\u00a0: une cinquantaine de manifestants arr\u00eat\u00e9s \u00e0 Minneapolis cette nuit, selon les autor\u2026 https://t.co/RnxjzWcBe3", "neg": 0.113, "pos": 0.146, "neu": 0.741}, {"id": 1266995326709370881, "text": "Depuis le d\u00e9but de l'\u00e9pid\u00e9mie de #coronavirus, les prises de d\u00e9cisions politiques, m\u00e9dicales, sanitaires, voire s\u00e9c\u2026 https://t.co/rmLx4vb4mS", "neg": 0.113, "pos": 0.146, "neu": 0.741}, {"id": 1265979382566227968, "text": "Ces pays africains qui ont d\u00e9cid\u00e9 de continuer \u00e0 soigner le Covid-19 avec l'hydroxychloroquine\u2026 https://t.co/9VwK574ufv", "neg": 0.173, "pos": 0.115, "neu": 0.712}, {"id": 1266084933694611457, "text": "DIRECT \ud83d\udd34 Coronavirus : la baisse se poursuit dans les services de r\u00e9animation avec 1 429 malade hospitalis\u00e9s pour u\u2026 https://t.co/yvWRCtpCDP", "neg": 0.113, "pos": 0.146, "neu": 0.741}, {"id": 1266768834545025025, "text": "VIDEO \u25b6\ufe0f Mort de George Floyd : \"Je veux juste vivre\", la vid\u00e9o virale d'un chanteur de gospel \u00e2g\u00e9 de 12 ans\u2026 https://t.co/pYf4pcqZDm", "neg": 0.084, "pos": 0.109, "neu": 0.807}, {"id": 1266705069774430208, "text": "D\u00e9confinement : \"Les bateaux n'ont pas \u00e9t\u00e9 beaucoup entretenus, une petite panne peut rapidement devenir un drame\",\u2026 https://t.co/bZ6DkKcPVD", "neg": 0.173, "pos": 0.115, "neu": 0.712}, {"id": 1266790844335521793, "text": "Le pianiste Igor Levit donne un concert de 20 heures pour les artistes fragilis\u00e9s par la pand\u00e9mie\u2026 https://t.co/srmD0jeLX5", "neg": 0.113, "pos": 0.146, "neu": 0.741}, {"id": 1266089357896634368, "text": "\"G\u00e9n\u00e9reux\", \"artiste libre\", \"conscience de la gauche\" : les hommages se multiplient apr\u00e8s la mort de Guy Bedos\u2026 https://t.co/dYXU3zaf7T", "neg": 0.173, "pos": 0.115, "neu": 0.712}, {"id": 1266795258962038784, "text": "S\u00e9curit\u00e9 routi\u00e8re : apr\u00e8s la crise sanitaire, \"mourir sur la route maintenant, c'est encore plus absurde\", s'agace\u2026 https://t.co/tTNeusoHwD", "neg": 0.084, "pos": 0.109, "neu": 0.807}, {"id": 1267338438350647296, "text": "[THREAD] Les cinq articles pour conna\u00eetre l\u2019actu de ce lundi matin\ud83d\udc47 https://t.co/UKMFQE4Q8Z", "neg": 0.113, "pos": 0.146, "neu": 0.741}, {"id": 1266641355121491968, "text": "\"On est pr\u00eat, archi pr\u00eat !\" : \u00e0 F\u00e9camp, les professionnels esp\u00e8rent le retour des touristes\n\nhttps://t.co/KF2kBRae8E https://t.co/TOFoLJqC29", "neg": 0.067, "pos": 0.232, "neu": 0.702}, {"id": 1265201003663691777, "text": "Coronavirus : le Br\u00e9sil maintient l'utilisation de l'hydroxychloroquine, malgr\u00e9 la suspension temporaire des essais\u2026 https://t.co/3hMne2aL1R", "neg": 0.113, "pos": 0.146, "neu": 0.741}, {"id": 1266848065912295429, "text": "\ud83d\ude80 SpaceX : \"C'est une \u00e8re nouvelle qui commence\", s'enthousiasme l'astronaute fran\u00e7ais Patrick Baudryn\u2026 https://t.co/sMeqjsKTBJ", "neg": 0.113, "pos": 0.146, "neu": 0.741}, {"id": 1265218619727917057, "text": "\"Un jour, un enfant va se faire renverser, c\u2019est s\u00fbr\" : \u00e0 Saint-Ouen, les rod\u00e9os urbains se multiplient depuis le d\u2026 https://t.co/qZkTxe1tED", "neg": 0.113, "pos": 0.146, "neu": 0.741}, {"id": 1266260973930770434, "text": "\ud83d\udcac \"Le mois de mai a \u00e9t\u00e9 un mois d\u2019amorce, avec forc\u00e9ment des imperfections. Le mois de juin est un mois de consolid\u2026 https://t.co/cDgYGektB1", "neg": 0.113, "pos": 0.146, "neu": 0.741}, {"id": 1265236236375076864, "text": "La chloroquine jug\u00e9e inefficace contre le Covid-19 : le professeur Raoult d\u00e9nonce \"une \u00e9tude foireuse\"\u2026 https://t.co/7wb9GCGPWS", "neg": 0.084, "pos": 0.109, "neu": 0.807}, {"id": 1267092215370846210, "text": "AUDIO \u25b6 Comment la mort de George Floyd \u00e0 Minneapolis a frapp\u00e9 aussi le monde de la musique. C'est \u00e0 r\u00e9\u00e9couter \ud83d\udd0a da\u2026 https://t.co/8d0ONI3co9", "neg": 0.113, "pos": 0.146, "neu": 0.741}, {"id": 1266452305827823617, "text": "Coronavirus : Donald Trump annonce que les Etats-Unis mettent fin \u00e0 leur relation avec l'OMS\u2026 https://t.co/ljNuUoVxIy", "neg": 0.113, "pos": 0.146, "neu": 0.741}, {"id": 1267173588668493825, "text": "\"Dans cette p\u00e9riode, c'est un d\u00e9but de renaissance\" : le parvis de Notre-Dame de nouveau accessible au public\u2026 https://t.co/vL6JDzk4iv", "neg": 0.113, "pos": 0.146, "neu": 0.741}, {"id": 1266966889433088000, "text": "Mort de George Floyd\u00a0: affrontements et couvre-feux dans plusieurs grandes villes des Etats-Unis\u2026 https://t.co/LTWVCWSqQj", "neg": 0.113, "pos": 0.146, "neu": 0.741}, {"id": 1265253851902308353, "text": "Coronavirus : le Haut Conseil de la sant\u00e9 publique recommande de ne pas utiliser l'hydroxychloroquine hors essais c\u2026 https://t.co/JxwEPbKph5", "neg": 0.113, "pos": 0.146, "neu": 0.741}, {"id": 1266395122113093646, "text": "\"Il y a une rupture d'\u00e9galit\u00e9\" : leurs oraux maintenus, les candidats internes aux concours de l'Education national\u2026 https://t.co/LDWvlmndvF", "neg": 0.173, "pos": 0.115, "neu": 0.712}, {"id": 1266815166152400897, "text": "\ud83d\ude80 \"5, 4, 3, 2, 1... Lift off !\" : la fus\u00e9e habit\u00e9e Falcon-9 passera deux fois au-dessus de la France, d'abord \u00e0 21h\u2026 https://t.co/NSVjww3Xp2", "neg": 0.067, "pos": 0.232, "neu": 0.702}, {"id": 1265959753253105667, "text": "Coronavirus\u00a0:\u00a0\"Didier Raoult est \u00e0 la m\u00e9decine ce que nous sommes \u00e0 la politique\", estime Jordan Bardela, vice-pr\u00e9s\u2026 https://t.co/yt5SdjToed", "neg": 0.084, "pos": 0.109, "neu": 0.807}, {"id": 1267118639284736002, "text": "SNCF : le retour \u00e0 la normale mi-juin \"est une tr\u00e8s bonne nouvelle, le train doit pouvoir assurer un maximum de d\u00e9p\u2026 https://t.co/r00yxiszaw", "neg": 0.084, "pos": 0.109, "neu": 0.807}, {"id": 1265022986618392577, "text": "\"S\u00e9gur de la sant\u00e9\" : le monde m\u00e9dical ne semble pas convaincu par les premi\u00e8re pistes pr\u00e9sent\u00e9es par le gouverneme\u2026 https://t.co/1jR5tqGnQ8", "neg": 0.173, "pos": 0.115, "neu": 0.712}, {"id": 1266447970289029120, "text": "Coronavirus : la mortalit\u00e9 a augment\u00e9 de 26% en avril par rapport \u00e0 2019, mais affiche une baisse de 6% d\u00e9but mai p\u2026 https://t.co/ygvtwOspxV", "neg": 0.173, "pos": 0.115, "neu": 0.712}, {"id": 1265245099572813826, "text": "Aux \u00c9tats-Unis, Fr\u00e9d\u00e9ric Yonnet, l\u2019harmoniciste fran\u00e7ais qui fait swinguer son quartier de Washington\u2026 https://t.co/NmMDyeJiA0", "neg": 0.113, "pos": 0.146, "neu": 0.741}, {"id": 1265154950184615937, "text": "#AlertePollution : la crise du coronavirus signe-t-elle le retour du plastique ?\n\nhttps://t.co/OivYUovouY https://t.co/LGASGeo4Sc", "neg": 0.173, "pos": 0.115, "neu": 0.712}, {"id": 1267006530848686081, "text": "#VraiOuFake \ud83d\udd0e Mort de George Floyd\u00a0: non, le \"Time\" n'est pas l'auteur de cette une qui fait le lien entre Trump, H\u2026 https://t.co/bgSYNdjdhN", "neg": 0.084, "pos": 0.109, "neu": 0.807}, {"id": 1264475473112793088, "text": "Levallois-Perret : plus de 2 000 musulmans prient pour l'A\u00efd dans un stade en respectant les gestes barri\u00e8res\u2026 https://t.co/nTSz7gypC1", "neg": 0.113, "pos": 0.146, "neu": 0.741}, {"id": 1267050529403940869, "text": "AUDIO \u25b6 Coronavirus\u00a0: la Guyane et Mayotte en zone orange comme l'Ile-de-France, c'est \u00e0 r\u00e9\u00e9couter \ud83d\udd0a dans le journa\u2026 https://t.co/ahK7UAGs21", "neg": 0.173, "pos": 0.115, "neu": 0.712}, {"id": 1263549689900806146, "text": "Coronavirus : \"Il faut qu\u2019on se batte pour permettre \u00e0 ceux qui nous font r\u00eaver de continuer \u00e0 vivre de leur travai\u2026 https://t.co/ir12a9aImp", "neg": 0.173, "pos": 0.115, "neu": 0.712}, {"id": 1264853715216936960, "text": "Fran\u00e7ois Hollande admet une \"part de responsabilit\u00e9 dans la situation de l\u2019h\u00f4pital\"\n\nhttps://t.co/moLTH3pvzu https://t.co/LeRtoFQKnK", "neg": 0.113, "pos": 0.146, "neu": 0.741}, {"id": 1267037353828376576, "text": "\"Ce sujet ne doit plus \u00eatre un angle mort du d\u00e9bat public\"\u00a0: le D\u00e9fenseur des droits a des doutes sur l'utilisation\u2026 https://t.co/ciA5DZQQCQ", "neg": 0.084, "pos": 0.109, "neu": 0.807}, {"id": 1259103277481971714, "text": "Fermeture de l'usine Renault \u00e0 Sandouville : \"La posture de la CGT est irresponsable et infond\u00e9e\", juge Laurent Ber\u2026 https://t.co/i1v5kkl81t", "neg": 0.173, "pos": 0.115, "neu": 0.712}, {"id": 1266769079471345664, "text": "@franceinfo Elle fait moins de cin\u00e9ma pour les assassinats ou meurtres des blancs, premi\u00e8res victimes aux States !\u2026 https://t.co/8FvbjWt1yJ", "neg": 0.113, "pos": 0.146, "neu": 0.741}, {"id": 1266718502838325249, "text": "AUDIO \u25b6\ufe0f Le Maisons-Laffitte Jazz Festival en ligne et l'Alhambra de Marseille, cin\u00e9ma de proximit\u00e9. \n\nC'est dans c\u2026 https://t.co/gxPTdmXXCF", "neg": 0.173, "pos": 0.115, "neu": 0.712}, {"id": 1266727310843097088, "text": "\"On respire beaucoup mieux, c'est incomparable\" : les Parisiens heureux de retrouver leurs parcs\u2026 https://t.co/ewjcDOL6Bd", "neg": 0.113, "pos": 0.146, "neu": 0.741}, {"id": 1266426054777942016, "text": "DIRECT \ud83d\udd34 Coronavirus : 109 foyers de contamination en France mais pas de reprise de l'\u00e9pid\u00e9mie, selon Sant\u00e9 publiqu\u2026 https://t.co/cqlX8CD1g8", "neg": 0.113, "pos": 0.146, "neu": 0.741}, {"id": 1266034617221513222, "text": "D\u00e9confinement : l'ensemble des coll\u00e8ges et des lyc\u00e9es vont rouvrir, les \u00e9l\u00e8ves de 5e et 6e et les lyc\u00e9ens qui sont\u2026 https://t.co/tiIKLicDfa", "neg": 0.173, "pos": 0.115, "neu": 0.712}, {"id": 1267213315853488128, "text": "Coronavirus : \"Il y a eu une cacophonie sanitaire europ\u00e9enne\", affirme l'eurod\u00e9put\u00e9e V\u00e9ronique Trillet-Lenoir\u2026 https://t.co/yal6DVfYXX", "neg": 0.084, "pos": 0.109, "neu": 0.807}, {"id": 1266753736149536768, "text": "VIDEO \u25b6\ufe0f Mort de Georg Floyd : \"F... you\", lance la maire de Chicago \u00e0 Donald Trump apr\u00e8s les \u00e9meutes de Minneapoli\u2026 https://t.co/N9AhmVS8KR", "neg": 0.067, "pos": 0.232, "neu": 0.702}, {"id": 1266256768692187136, "text": "\u25b6\ufe0f \"L\u2019\u00e9pid\u00e9mie n\u2019est pas vaincue, il faut avancer pas \u00e0 pas mais il est certain que nous franchissons une \u00e9tape imp\u2026 https://t.co/pnqE2xrEZy", "neg": 0.113, "pos": 0.146, "neu": 0.741}, {"id": 1265141863914172417, "text": "Covid-19 : sous couvert de lutter contre les fake news, Google supprime de nombreuses applications de son Play Stor\u2026 https://t.co/J2QbIZCkPO", "neg": 0.173, "pos": 0.115, "neu": 0.712}, {"id": 1263479409618546688, "text": "Evacuation de la pelouse des Invalides : \"Une situation totalement ubuesque\", d\u00e9plore une adjointe \u00e0 la mairie de P\u2026 https://t.co/whyfiAsGpT", "neg": 0.173, "pos": 0.115, "neu": 0.712}, {"id": 1267332100954501120, "text": "Mort de George Floyd : Donald Trump annonce vouloir d\u00e9signer la mouvance \"antifa\" comme organisation terroriste\u2026 https://t.co/l3wqxqmwLo", "neg": 0.067, "pos": 0.232, "neu": 0.702}, {"id": 1267178171583156224, "text": "@franceinfo Autrement dit la terre peut recevoir un nombre X d\u2019habitants. Au del\u00e0, une s\u00e9lection s\u2019impose. Sinon c\u2019\u2026 https://t.co/Ogk0VEqKop", "neg": 0.113, "pos": 0.146, "neu": 0.741}, {"id": 1265528899267674119, "text": "\u27a1 R\u00e9servation d'un cr\u00e9neau horaire, lavage des mains... Les nouvelles r\u00e8gles pour la r\u00e9ouverture des piscines (3/5)\u2026 https://t.co/hZMZQUT5ze", "neg": 0.173, "pos": 0.115, "neu": 0.712}, {"id": 1266780159274651649, "text": "SpaceX \ud83d\ude80 va retenter ce soir de lancer dans l'espace deux astronautes de la Nasa, apr\u00e8s une tentative arr\u00eat\u00e9e \u00e0 la\u2026 https://t.co/1CdMttcroX", "neg": 0.113, "pos": 0.146, "neu": 0.741}, {"id": 1267022077929848833, "text": "\"Un bal masqu\u00e9 tous les week-ends, je ne suis pas s\u00fbr que \u00e7a plaise aux clients\" : les discoth\u00e8ques dans l'expectat\u2026 https://t.co/WamdEnPXsb", "neg": 0.113, "pos": 0.146, "neu": 0.741}, {"id": 1267349748660535296, "text": "Chantier de Notre-Dame de Paris : \"Ce n'est pas d\u00e9raisonnable de garder [l'objectif de] 2024\", Mgr Michel Aupetit,\u2026 https://t.co/wqkR3R5SCV", "neg": 0.113, "pos": 0.146, "neu": 0.741}, {"id": 1267338767544848384, "text": "Mort de George Floyd\u00a0: des affrontements \u00e9clatent devant la Maison Blanche, malgr\u00e9 le couvre-feu impos\u00e9 \u00e0 Washingto\u2026 https://t.co/G6GOEZ8SHT", "neg": 0.113, "pos": 0.146, "neu": 0.741}, {"id": 1264801092111675394, "text": "\u27a1 \"S'il n'y a aucune r\u00e9action, la bonne volont\u00e9 s'\u00e9puisera\"\u00a0: \u00e0 l'h\u00f4pital de Melun, les soignants esp\u00e8rent des chan\u2026 https://t.co/OrbNzsMXCr", "neg": 0.173, "pos": 0.115, "neu": 0.712}, {"id": 1265203520208359424, "text": "#VraiOuFake \u2753 \ud83d\udd0e Les plaintes pour violences conjugales ont-elles augment\u00e9 de 36% pendant le confinement, comme l'af\u2026 https://t.co/AuBhGGAzum", "neg": 0.113, "pos": 0.146, "neu": 0.741}, {"id": 1267055100813508609, "text": "AUDIO \u25b6 Christine and the Queens\u00a0: \"Quand on a des grands chagrins, la musique devient une fa\u00e7on de pleurer\", c'est\u2026 https://t.co/J2sbGM8yR4", "neg": 0.113, "pos": 0.146, "neu": 0.741}, {"id": 1240284196729487360, "text": "#OnVousR\u00e9pond \ud83d\udcac \"Est-ce que respirer les fum\u00e9es de cigarette et de vapoteuse d'une personne contamin\u00e9e peut repr\u00e9se\u2026 https://t.co/YSleLV4GIN", "neg": 0.113, "pos": 0.146, "neu": 0.741}, {"id": 1266388830913003520, "text": "StopCovid : 45% des Fran\u00e7ais se disent pr\u00eats \u00e0 t\u00e9l\u00e9charger l\u2019application sur leur t\u00e9l\u00e9phone, selon notre sondage\u2026 https://t.co/ul9Wy8ceaf", "neg": 0.067, "pos": 0.232, "neu": 0.702}, {"id": 1266052385023102977, "text": "Carte du d\u00e9confinement : la France en vert, sauf l'Ile-de-France, Mayotte et la Guyane qui passent en orange\u2026 https://t.co/QkeBzMslyX", "neg": 0.173, "pos": 0.115, "neu": 0.712}, {"id": 1265238752571453442, "text": "EN IMAGES \ud83d\udcf7  \"Un crime\", \"c'est urgent\", \"les gens meurent\"... Quand les politiques d\u00e9fendaient l'usage de la chlor\u2026 https://t.co/qEOgSWOyFl", "neg": 0.113, "pos": 0.146, "neu": 0.741}, {"id": 1266632938977976324, "text": "Mort de George Floyd\u00a0: le policier mis en cause arr\u00eat\u00e9 et inculp\u00e9 pour homicide involontaire, le maire de Minneapol\u2026 https://t.co/hF1rXclqtU", "neg": 0.113, "pos": 0.146, "neu": 0.741}, {"id": 1267103539882594305, "text": "Extension des terrasses des bars et restaurants \u00e0 Paris : \"Il faut qu'on ait des agents qui puissent faire respecte\u2026 https://t.co/AoN1WkUCjJ", "neg": 0.084, "pos": 0.109, "neu": 0.807}, {"id": 1266716510330007553, "text": "@franceinfo et la d\u00e9cision de nos dirigeants d'interdire la chloroquine, elles sont comment ?", "neg": 0.113, "pos": 0.146, "neu": 0.741}, {"id": 1267158524494299137, "text": "VIDEO \u25b6 SpaceX : revivez l'entr\u00e9e des astronautes Bob Behnken et Doug Hurley dans la Station spatiale international\u2026 https://t.co/1vFar5h7q5", "neg": 0.113, "pos": 0.146, "neu": 0.741}, {"id": 1266281121114779649, "text": "R\u00e9ouverture des \u00e9coles : Jean-Michel Blanquer souhaite \"au moins des rotations pour permettre aux \u00e9l\u00e8ves d'\u00eatre dan\u2026 https://t.co/PH8MqYs0Ho", "neg": 0.113, "pos": 0.146, "neu": 0.741}, {"id": 1267356456455634944, "text": "Gr\u00e8ce : des milliers de r\u00e9fugi\u00e9s menac\u00e9s d'\u00eatre expuls\u00e9s de logements sociaux\n\nhttps://t.co/5w962ZdX9Q https://t.co/CGC3mwR59F", "neg": 0.113, "pos": 0.146, "neu": 0.741}, {"id": 1266487841028177922, "text": "Coronavirus : 109 foyers de contamination en France mais pas de reprise de l'\u00e9pid\u00e9mie, selon Sant\u00e9 publique France\u2026 https://t.co/aHV1Wu3r6G", "neg": 0.173, "pos": 0.115, "neu": 0.712}, {"id": 1266432870739898368, "text": "D\u00e9confinement : sur les routes fran\u00e7aises, \"les premiers chiffres sont assez alarmants en termes de mortalit\u00e9\" d'ap\u2026 https://t.co/C8s4IoyhKK", "neg": 0.084, "pos": 0.109, "neu": 0.807}, {"id": 1267129964119199744, "text": "VIDEO. Mort de George Floyd : dans le Michigan, un sh\u00e9rif et des policiers fraternisent avec des manifestants\u2026 https://t.co/QhvmMBP245", "neg": 0.067, "pos": 0.232, "neu": 0.702}]