{"nbr_tweet": 274, "nbr_hits": 5056, "avg_rep": 7.8, "avg_qtweet": 0.01, "duree_trmt": 73.99, "last_trmt": "02/06/2020, 23:53:57", "max_pos": "\ud83d\ude80 SpaceX : \"C'est une \u00e8re nouvelle qui commence\", s'enthousiasme l'astronaute fran\u00e7ais Patrick Baudry\u2026 https://t.co/dMpFKC9j6v", "id_max_pos": "1266965128215322625", "max_neg": "L\u2019ancienne figure des \"Gilets jaunes\", \u00c9ric Drouet, interpell\u00e9 pour avoir violent\u00e9 le fils de sa compagne, \u00e2g\u00e9 de 1\u2026 https://t.co/JWXxW3GkO9", "id_max_neg": "1262696752903118848", "min_pos": "DIRECT \ud83d\udd34 SpaceX : regardez l'amarrage des astronautes Bob Behnken et Doug Hurley \u00e0 la Station spatiale internationa\u2026 https://t.co/9YVlAyvba8", "id_min_pos": "1267099187050618886", "min_neg": "\ud83d\ude80 SpaceX : \"C'est une \u00e8re nouvelle qui commence\", s'enthousiasme l'astronaute fran\u00e7ais Patrick Baudry\u2026 https://t.co/dMpFKC9j6v", "id_min_neg": "1266965128215322625"}